CHR,SNP,BP,A1,A2,weight
5,rs1173771,32815028,G,A,0.285876554193803
7,rs12536419,106419296,C,A,0.796803714773039
7,rs12705389,106405642,T,C,0.525732284549915
11,rs10894192,130266117,T,A,0.599513398806607
11,rs11222084,130273230,T,A,0.547294600682347
11,rs1470686,10360161,G,A,0.521045894287255
11,rs2291344,130278924,T,G,0.459562092973873
11,rs4937514,130264515,G,A,0.398145288098986
11,rs747250,130271678,T,G,0.411235186181222
